"Märksõna (B1, B2)",tundetoon,sonaliik
aabits,dom neutr,S
aadress,dom neutr,S
aasta,dom neutr,S
aastaaeg,dom neutr,S
aastane,dom neutr,A
aastapäev,dom neutr,S
aastavahetus,vastuolu,S
abi,dom pos,S
abielluma,dom pos,V
abielu,vastuolu,S
abielupaar,vastuolu,S
abikaasa,vastuolu,S
abiline,dom pos,S
abinõu,vastuolu,S
abivalmis,dom pos,A
administraator,dom neutr,S
aed,dom neutr,S
aedvili,dom neutr,S
aeg,dom neutr,S
aeglane,dom neg,A
aeroobika,dom neutr,S
ahi,dom neutr,S
ahjuküte,dom neutr,S
aiandus,dom neutr,S
aim,dom neutr,S
aine,dom neutr,S
ainuke,dom neutr,A
ainus,dom neutr,A
aitama,dom pos,V
aitäh,dom pos,Interj.
ajakiri,dom neutr,S
ajakirjandus,dom neutr,S
ajakirjanik,dom neutr,S
ajaleht,dom neutr,S
ajaloolane,dom neutr,S
ajalooline,dom neutr,S
ajalugu,dom neutr,S
ajama,dom neutr,V
ajastu,dom neutr,S
ajavahemik,dom neutr,S
aju,dom neutr,S
ajutine,dom neutr,A
aken,dom neutr,S
akt,dom neutr,S
aktiivne,dom pos,A
aktiivsus,dom pos,S
aktsia,dom neutr,S
aktsiaselts,dom neutr,S
aku,dom neutr,S
ala,dom neutr,S
alaealine,dom neutr,A
alaline,dom neutr,A
alandama,dom neg,V
alarm,vastuolu,S
album,dom neutr,S
algaja,vastuolu,S
algama,vastuolu,V
algatama,vastuolu,V
algatus,vastuolu,S
algklass,dom neutr,S
algkool,dom neutr,S
algus,vastuolu,S
alkohol,vastuolu,S
alkoholivaba,vastuolu,A
alkohoolik,dom neg,S
allahindlus,vastuolu,S
allikas,dom neutr,S
allkiri,dom neutr,S
alluma,dom neutr,V
allutama,vastuolu,V
alternatiiv,vastuolu,S
alumine,dom neutr,A
alune,dom neutr,A
alus,dom neutr,S
aluspesu,dom neutr,S
aluspüksid,dom neutr,S
alustama,vastuolu,V
amet,dom neutr,S
ametikoht,dom neutr,S
ametlik,dom neutr,A
ametnik,dom neutr,S
analüüs,dom neutr,S
analüüsima,vastuolu,V
andekas,dom pos,A
andestama,vastuolu,V
andma,vastuolu,V
andmed,dom neutr,S
ankeet,dom neutr,S
annus,dom neutr,S
ansambel,dom neutr,S
appi,vastuolu,
aprill,dom neutr,S
apteek,dom neutr,S
arendama,vastuolu,V
arenema,dom pos,V
areng,dom pos,S
arg,dom neg,A
argument,vastuolu,S
arhiiv,dom neutr,S
arhitekt,dom neutr,S
armas,dom pos,A
armastama,dom pos,V
armastus,dom pos,S
armee,dom neutr,S
armuke,dom neg,S
armuma,dom pos,V
arst,vastuolu,S
artikkel,dom neutr,S
aru,dom pos,S/S
aruanne,dom neutr,S
arukas,dom pos,A
arusaam,dom neutr,S
arusaamatu,dom neg,A
arutama,vastuolu,V
arutelu,vastuolu,S
arutlema,dom pos,V
arutlus,dom pos,S
arv,dom neutr,S
arvama,dom neutr,V
arvamus,dom neutr,S
arve,vastuolu,S
arvestama,vastuolu,V
arvestus,dom neutr,S
arvutama,dom neutr,V
arvuti,dom neutr,S
ase,dom neutr,S
asendama,dom neutr,V
asetama,dom neutr,V
asetäitja,dom neutr,S
asi,dom neutr,S
asjaolu,dom neutr,S
asjaosaline,dom neutr,A
asjatundja,dom pos,S
aste,dom neutr,S/S
astuma,dom neutr,V
asukoht,dom neutr,S
asuma,dom neutr,V
asutama,dom neutr,V
asutus,dom neutr,S
au,dom pos,S
august,dom neutr,S
auhind,dom pos,S
auk,vastuolu,S
aus,dom pos,A
austama,dom pos,V
auto,dom neutr,S
autojuht,dom neutr,S
automaat,dom neutr,S
autor,dom neutr,S
avaldama,dom neutr,V
avalduma,dom neutr,V
avaldus,dom neutr,S
avalik,dom neutr,A
avalikkus,dom neutr,S
avalikustama,dom neutr,V
avama,vastuolu,V
avanema,vastuolu,V
avar,dom pos,A
avarii,dom neg,S
avastama,vastuolu,V
baar,vastuolu,S
baas,dom neutr,S
ballett,vastuolu,S
bassein,dom neutr,S
beebi,dom pos,S
beež,dom neutr,A
bensiin,dom neutr,S
bensiinijaam,dom neutr,S
bioloogia,dom neutr,S
blond,dom neutr,A/S
brikett,dom neutr,S
britt,dom neutr,S
broiler,dom neutr,S
broneerima,dom neutr,V
brünett,dom neutr,A/S
buss,dom neutr,S
bussijaam,dom neutr,S
bussijuht,dom neutr,S
bussipeatus,dom neutr,S
bussipilet,dom neutr,S
büroo,dom neutr,S
daam,dom pos,S
defitsiit,dom neg,S
delegatsioon,dom neutr,S
demokraatia,dom pos,S
demokraatlik,dom pos,A
detail,dom neutr,S
detsember,dom neutr,S
dialoog,dom neutr,S
dieet,dom neutr,S
diivan,dom neutr,S
diplom,dom pos,S
diplomaat,dom neutr,S
diplomaatiline,dom pos,A
direktor,dom neutr,S
dirigent,dom neutr,S
disainer,dom neutr,S
diskussioon,dom neutr,S
distants,dom neutr,S
doktor,dom neutr,S
dokument,dom neutr,S
dollar,dom neutr,S
draama,vastuolu,S
dress,dom neutr,S
dušš,dom neutr,S
ebameeldiv,dom neg,A
ebamugav,dom neg,A
ebaoluline,dom neg,A
ebaseaduslik,dom neg,A
ebaõnnestuma,dom neg,V
edasine,dom neutr,A
edastama,dom neutr,V
edenema,dom pos,V
edu,dom pos,S
edukas,dom pos,A
eelarve,dom neutr,S
eeldama,dom neutr,V
eeldus,dom neutr,S
eelis,dom pos,S
eelistama,vastuolu,V
eelistus,dom pos,S
eelmine,dom neutr,A
eemaldama,vastuolu,V
eeskiri,dom neutr,S
eeskuju,dom pos,S
eesmärk,dom pos,S
eesnimi,dom neutr,S
eesots,dom neutr,S
eesti,dom pos,A
eestikeelne,dom pos,A
eestimaalane,vastuolu,S
eestlane,dom pos,S
efekt,vastuolu,S
ehitaja,dom neutr,S
ehitama,dom neutr,V
ehitis,dom neutr,S
ehitus,dom neutr,S
ehitusmaterjal,dom neutr,S
ehitustöö,dom neutr,S
ehmatama,dom neg,V
ei,dom neg,D/V
eilne,dom neutr,A
eitama,dom neg,V
ekraan,dom neutr,S
eksima,dom neg,V
eksisteerima,dom neutr,V
eksitus,dom neg,S
ekskursioon,vastuolu,S
ekspert,dom pos,S
ekspertiis,dom neutr,S
eksponaat,dom neutr,S
ekspress,vastuolu,S
elama,dom neutr,V
elamisluba,vastuolu,S
elamu,dom neutr,S
elanik,dom neutr,S
elanikkond,dom neutr,S
elekter,dom neutr,S
elektrijaam,dom neutr,S
elektrik,dom neutr,S
elektripliit,dom neutr,S
elu,vastuolu,S
eluaasta,dom neutr,S
elukaaslane,vastuolu,S
elukindlustus,vastuolu,S
elukoht,dom neutr,S
elukutse,dom neutr,S
elulugu,dom neutr,S
eluohtlik,dom neg,A
eluruum,dom neutr,S
elus,dom pos,A
elutuba,dom neutr,S
eluviis,dom neutr,S
ema,dom pos,S
emakeel,dom pos,S
emane,dom neutr,A/S
emme,dom pos,S
emotsionaalne,vastuolu,A
emotsioon,vastuolu,S
enam,dom neutr,A/D
enamik,dom neutr,S
enamus,dom neutr,S
endine,dom neutr,A
energia,vastuolu,S
energiline,dom pos,A
enesetunne,dom neutr,S
enne,dom neutr,S/D
ennustama,dom neutr,V
eraisik,dom neutr,S
erakond,vastuolu,S
erakorraline,vastuolu,A
eraldama,dom neutr,V
eramaja,dom neutr,S
erand,dom neutr,S
erapooletu,dom neutr,A
erastama,dom neutr,V
eriala,dom neutr,S
eriline,dom pos,A
erinema,dom neutr,V
erinevus,dom neutr,S
eripära,vastuolu,S
ese,dom neutr,S
esialgne,dom neutr,A
esietenduma,vastuolu,V
esik,dom neutr,S
esiklaas,dom neutr,S
esikoht,dom pos,S
esimees,dom neutr,S
esimene,vastuolu,N/P
esindaja,dom neutr,S
esindama,dom neutr,V
esindus,dom neutr,S
esinema,dom neutr,V
esitama,dom neutr,V
esitatu,dom neutr,S
esitlema,dom neutr,V
esmaabi,dom pos,S
esmane,dom neutr,A
esmaspäev,dom neutr,S
etapp,dom neutr,S
etendus,dom neutr,S
ettekandja,dom neutr,S
ettekanne,dom neutr,S
ettepanek,vastuolu,S
ettevaatlik,vastuolu,A
ettevaatus ,vastuolu,S
ettevalmistus,dom neutr,S
ettevõte,dom neutr,S
ettevõtja,dom neutr,S
ettevõtlus,vastuolu,S
euro,dom neutr,S
fakt,dom neutr,S
festival,dom pos,S
fikseerima,dom neutr,V
film,dom neutr,S
filmima,dom neutr,V
filosoofia,dom neutr,S
finantseerima,vastuolu,V
firma,dom neutr,S
fond,dom neutr,S
foto,dom neutr,S
fotoaparaat,dom neutr,S
fotograaf,dom neutr,S
funktsioon,dom neutr,S
föön,dom neutr,S
füüsiline,dom neutr,A
gaas,dom neutr,S
gaasipliit,dom neutr,S
galerii,dom neutr,S
garaaž,dom neutr,S
garanteerima,vastuolu,V
garantii,vastuolu,S
garderoob,dom neutr,S
giid,dom neutr,S
globaalne,dom neutr,A
gramm,dom neutr,S
gripp,dom neg,S
grupp,dom neutr,S
gümnaasium,dom neutr,S
haagis,dom neutr,S
haamer,dom neutr,S
haarama,dom neutr,V
habe,dom neutr,S
haige,dom neg,A/S
haigla,vastuolu,S
haigus,dom neg,S
haigusleht,vastuolu,S
hais,dom neg,S
haisema,dom neg,V
hakkama,dom neutr,V
halb,dom neg,A
hale,dom neg,A
hall,vastuolu,A/S/S
hallo,vastuolu,Interj.
halvem,dom neg,A
halvenema,dom neg,V
hambaarst,vastuolu,S
hambapasta,dom neutr,S
hammas,dom neutr,S
hani,dom neutr,S
hankima,dom neutr,V
hapu,vastuolu,A
hapukapsas,dom neutr,S
hapukoor,dom neutr,S
hari,dom neutr,S/S
haridus,dom pos,S
harilik,dom neutr,A
harima,vastuolu,V/V
harjuma,dom neutr,V
harjutama,vastuolu,V
harjutus,dom neutr,S
haud,dom neg,S
hea,dom pos,A/S
hein,dom neutr,S
heitma,dom neutr,V
hektar,dom neutr,S
hele,vastuolu,A
heli,dom neutr,S
helilooja,dom neutr,S
helistama,dom neutr,V
herilane,vastuolu,S
hernes,dom neutr,S
hetk,dom neutr,S
hiir,vastuolu,S
hiline ,vastuolu,A
hilinema,dom neg,V
hiljutine,dom neutr,A
hind,vastuolu,S
hindama,dom neutr,V
hing,vastuolu,S/S
hingama,dom neutr,V
hinnang,vastuolu,S
hinne,vastuolu,S
hirm,dom neg,S
hirmus,dom neg,A/D
hirmutama,dom neg,V
hobune,dom neutr,S
hoiak,vastuolu,S
hoiatama,vastuolu,V
hoidma,vastuolu,V
hoiduma,vastuolu,V
hoius,vastuolu,S
hommik,dom neutr,S
hommikune,dom neutr,A
hommikusöök,dom neutr,S
homne,dom neutr,A
honorar,dom pos,S
hooaeg,dom neutr,S
hoog,vastuolu,S
hool,dom pos,S
hooldaja,dom pos,S
hoolealune,dom pos,A/S
hoolima,dom pos,V
hoolitsema,dom pos,V
hoone,dom neutr,S
hotell,dom neutr,S
hukkuma,dom neg,V
hukkunu,dom neg,S
hulk,dom neutr,S
hull ,dom neg,A/S
hunt,vastuolu,S
huul,dom neutr,S
huulepulk,dom neutr,S
huvi,dom pos,S
huviline,dom pos,A/S
huvitama,dom pos,V
hõbe,dom neutr,S
hõivama,dom neg,V
hõlmama,dom neutr,V
häbelik,vastuolu,A
häbenema,dom neg,V
häbi,dom neg,S
häda,dom neg,S
hädavajalik,vastuolu,A
häirima,dom neg,V
hämmastama,dom neg,V
härra,dom pos,S
hävima,dom neg,V
hävitama,dom neg,V
hääl,dom neutr,S
hääletama,dom neutr,V
hääletus,dom neutr,S/S
hümn,vastuolu,S
hüppama,dom neutr,V
hüüdma,dom neutr,V
ida,dom neutr,S
idee,vastuolu,S
iga,dom neutr,P/S
igapäevane,dom neutr,A
igav,dom neg,A
iiveldama,dom neg,V
ilm,dom neutr,S/S
ilmaennustus,dom neutr,S
ilmakaar,dom neutr,S
ilmateade,dom neutr,S
ilmne,dom neutr,A
ilmnema,dom neutr,V
ilmuma,dom neutr,V
ilmutama,dom neutr,V
ilu,dom pos,S
ilus,dom pos,A
ime,dom pos,S
imelik,vastuolu,A
imestama,dom vastuolu,V
imetlema,dom pos,V
inetu,dom neg,A
infarkt,dom neg,S
info,dom neutr,S
informatsioon,dom neutr,S
informeerima,dom neutr,V
ingel,dom pos,S
inimene,dom neutr,S
inimlik,dom pos,A
inimõigus,dom pos,S
institutsioon,dom neutr,S
instituut,dom neutr,S
internet,dom neutr,S
intervjuu,dom neutr,S
intress,dom neutr,S
investeerima,vastuolu,V
isa,dom pos,S
isamaa,dom pos,S
isane,dom neutr,A/S
ise,dom neutr,P/D
iseasi,dom neutr,S
iseloom,dom neutr,S
iseloomulik,dom neutr,A
iseloomustama,dom neutr,V
iseseisev,dom pos,A
iseseisvus,dom pos,S
isik,dom neutr,S
isiklik,dom neutr,A
isiksus,dom pos,S
isikukood,dom neutr,S
isikutunnistus,dom neutr,S
issi,dom pos,S
iste,dom neutr,S
istekoht,dom neutr,S
istuma,dom neutr,V
istung,dom neutr,S
istutama,vastuolu,V
isu,vastuolu,S
jaam,dom neutr,S
jaanipäev,vastuolu,S
jaanuar,dom neutr,S
jagama,vastuolu,V
jagu,dom neutr,S
jaguma,vastuolu,V
jagunema,dom neutr,V
jahe,vastuolu,A
jahimees,dom vastuolu,S
jaht,vastuolu,S/S
jakk,dom neutr,S
jalakäija,dom neutr,S
jalanõu,dom neutr,S
jalg ,dom neutr,S
jalgpall,dom neutr,S
jalgratas,dom neutr,S
jalgrattur,dom neutr,S
jalutama,dom pos,V
jaoskond,dom neutr,S
jaotama,dom neutr,V
joodik,dom neg,S
joogivesi,vastuolu,S
jook,dom neutr,S
jooks,dom neutr,S
jooksma,dom neutr,V
jooma,dom neutr,V
joon,dom neutr,S
joonistama,dom neutr,V
juhataja,dom neutr,S
juhatama,dom neutr,V
juhatus,dom neutr,S
juhe,dom neutr,S
juhend,dom neutr,S
juhendaja,dom neutr,S
juhiluba,dom neutr,S
juht,dom neutr,S/S
juhtima,dom neutr,V
juhtkond,dom neutr,S
juhtum,dom neutr,S
juhtuma,dom neutr,V
juhtunu,vastuolu,S
juhus,vastuolu,S
juhuslik,dom neutr,A
julge,dom pos,A
julgema,vastuolu,V
julgeolek,vastuolu,S
julgus,dom pos,S
jumal,vastuolu,S
juriidiline,dom neutr,A
jurist,dom neutr,S
jutt,dom neutr,S/S
jutustama,dom neutr,V
juubel,dom pos,S
juuksed,dom neutr,S
juuksur,dom neutr,S
juuli,dom neutr,S
juuni,dom neutr,S
juunior,dom neutr,S
juurvili,dom neutr,S
juust,dom neutr,S
jõgi,dom neutr,S
jõud,dom neutr,S
jõudma,dom neutr,V
jõuline,dom pos,A
jõulud,dom pos,S
jõulupüha,dom pos,S
jõuluvana,dom pos,S
jõusaal,dom neutr,S
jälg,dom neutr,S
jälgima,vastuolu,V
jänes,dom neutr,S
järeldus,dom neutr,S
järelevalve,dom neutr,S
järelmaks,dom neutr,S
järgima,dom neutr,V
järgmine,dom neutr,A
järgnema,dom neutr,V
järjekord,dom neg,S
järjekordne,dom neutr,A
järsk,vastuolu,A
järv,dom neutr,S
jätkama,dom neutr,V
jätkuma,dom neutr,V
jätma,dom neutr,V
jää,dom neutr,S
jääma,dom neutr,V
kaal,dom neutr,S/S
kaaluma,dom neutr,V
kaamera,dom neutr,S
kaart,dom neutr,S
kaas,dom neutr,S
kaasaegne,dom pos,A
kaaslane,vastuolu,S
kaasmaalane,dom pos,S
kabinet,dom neutr,S
kade,dom neg,A
kaduma,vastuolu,V
kadunu,dom neg,S
kaebama,dom neg,V
kaebus,dom neg,S
kael ,dom neutr,S
kaevama,dom neutr,V
kahanema,vastuolu,V
kaheaastane,dom neutr,A
kahekordne,dom neutr,A
kaheksa,dom neutr,N
kaheksas,dom neutr,N
kahetsema,dom neg,V
kahju,dom neg,S
kahjulik,dom neg,A
kahjum,dom neg,S
kahjustama,dom neg,V
kahtlane,dom neg,A
kahtlema,dom neg,V
kahtlus,dom neg,S
kahtlustama,dom neg,V
kahvel,dom neutr,S
kai,dom neutr,S
kaitse,dom pos,S/S
kaitseliit,vastuolu,S
kaitsevägi,vastuolu,S
kaitsja,dom pos,S
kaitsma,dom pos,V
kajakas,dom neutr,S
kajastama,dom neutr,V
kajut,dom neutr,S
kaks,dom neutr,N
kakskümmend,dom neutr,N
kala,dom neutr,S
kalamees,dom neutr,S
kalduma,vastuolu,V
kalender,dom neutr,S
kalju,dom neutr,S
kalkun,dom neutr,S
kallas,dom neutr,S
kallim,dom pos,A/S
kallis,dom vastuolu,A
kallistama,dom pos,V
kalmistu,dom neg,S
kamm,dom neutr,S
kammima,dom neutr,V
kampaania,dom neutr,S
kampsun,dom neutr,S
kana,dom neutr,S
kanal,dom neutr,S
kanalisatsioon,dom neutr,S
kand,dom neutr,S
kandidaat,dom neutr,S
kandideerima,dom neutr,V
kandiline,dom neutr,A
kandma,dom neutr,V
kangelane,dom pos,S
kannatama,dom neg,V
kannatanu,dom neg,S
kant,dom neutr,S
kantselei,dom neutr,S
kaotaja,dom neg,S
kaotama,dom neg,V
kaotus,dom neg,S
kapital,vastuolu,S
kapp,dom neutr,S
kapsas,dom neutr,S
kapten,dom neutr,S
kari,dom neutr,S/S
karikakar,dom neutr,S
karikas,dom pos,S
karistama,dom neg,V
karistus,dom neg,S
karjuma,dom neg,V
karjäär,vastuolu,S/S
karm,dom neg,A/S
kartma,dom neg,V
kartul,dom neutr,S
kartus,dom neg,S
karu,dom neutr,S
karvane,dom neutr,A
kask,dom neutr,S
kass,dom neutr,S
kassa,dom neutr,S
kast,dom neutr,S
kastan,dom neutr,S
kasu,dom pos,S
kasulik,dom pos,A
kasum,dom pos,S
kasutama,dom neutr,V
kasutus,dom neutr,S/S
kasv,dom pos,S
kasvama,dom pos,V
kasvataja,dom pos,S
kasvatama,vastuolu,V
katastroof,dom neg,S
kate,dom neutr,S
katkestama,dom neg,V
katkine,dom neg,A
katma,dom neutr,V
katse,dom neutr,S
katsetama,dom neutr,V
katsetus,dom neutr,S
katsuma,dom neutr,V
katus,dom neutr,S
kaubamaja,dom neutr,S
kaubavahetus,vastuolu,S
kauge,vastuolu,A
kaugenema,dom neg,V
kaugus,dom neutr,S
kaunis,dom pos,A/D
kaup,dom neutr,S
kauplema,dom neutr,V
kauplus,dom neutr,S
kauss,dom neutr,S
kava,dom neutr,S
kaval,dom vastuolu,A
kavandama,dom neutr,V
kavatsema,dom neutr,V
keel,dom neutr,S
keelama,dom neg,V
keeld,dom neg,S
keelduma,dom neg,V
keeleoskus,dom pos,S
keema,dom neutr,V
keemia,dom neutr,S
keerama,dom neutr,V
keeruline,dom neg,A
keetma,dom neutr,V
keha,dom neutr,S
kehaosa,dom neutr,S
kehtestama,dom neutr,V
kehtima,dom neutr,V
kehv,dom neg,A
kelder,dom neutr,S
kell,dom neutr,S
kena,dom pos,A
kera,dom neutr,S
kerge ,vastuolu,A/S
kergejõustik,dom neutr,S
kerkima,dom neutr,V
keskaegne,dom neutr,A
keskealine,dom neutr,A/S
keskenduma,vastuolu,V
keskharidus,dom neutr,S
keskkond,dom neutr,S
keskkool,dom neutr,S
keskküte,dom neutr,S
kesklinn,dom neutr,S
keskmine,dom neutr,A
keskpäev,dom neutr,S
keskturg,dom neutr,S
keskus,dom neutr,S
kesköö,dom neutr,S
kestma,dom neutr,V
kevad,dom pos,S
kevadine,dom pos,A
kibe,dom neg,A/S
kihutama,dom neg,V
kiirabi,dom vastuolu,S
kiire ,vastuolu,A
kiirendama,dom neutr,V
kiirtee,dom neutr,S
kiirus,dom neutr,S
kiirustama,dom neg,V
kiitma,dom pos,V
kilekott,dom neutr,S
kilo,dom neutr,S
kilogramm,dom neutr,S
kilomeeter,dom neutr,S
kindel,dom pos,A
kindlustama,dom pos,V
kindlustus,vastuolu,S
kindral,dom neutr,S
kingad ,dom neutr,S
kingitus,dom pos,S
kingsepp,dom neutr,S
kinkima,dom pos,V
kinnine,dom neg,A
kinnisvara,dom neutr,S
kinnitama,dom neutr,V
kinnitus,dom neutr,S
kino,dom neutr,S
kippuma,dom neutr,V
kiri ,dom neutr,S
kirik,dom neutr,S
kirjalik,dom neutr,A
kirjandus,dom neutr,S
kirjanik,dom neutr,S
kirjastus,dom neutr,S
kirjavahetus,dom neutr,S
kirjeldama,dom neutr,V
kirju,dom neutr,A/A
kirjutama,dom neutr,V
kirjutatu,dom neutr,S
kirjutis,dom neutr,S
kirjutuslaud,dom neutr,S
kirss,dom neutr,S
kitarr,dom neutr,S
kits,dom neutr,S
kitsas,dom neg,A
kivi,dom neutr,S
klaas,dom neutr,S
klass,dom neutr,S
klassijuhataja,dom neutr,S
klassika,dom pos,S
klassikaline,dom pos,A
klassivend,dom neutr,S
klassiõde,dom neutr,S
klaver,dom neutr,S
klaviatuur,dom neutr,S
kleepima,dom neutr,V
kleit,dom neutr,S
klient,dom neutr,S
kliima,dom neutr,S
klubi,dom neutr,S
kodakondsus,dom neutr,S
kodanik,dom neutr,S
kodu,dom pos,S
kodukoht,dom pos,S
kodulind,dom neutr,S
kodulinn,dom pos,S
koduloom,dom neutr,S
kodumaa,dom pos,S
kodumaine,dom pos,A
kodumasin,dom neutr,S
kodune,vastuolu,A
kodutu,dom neg,A/S
koer,dom neutr,A/S
kogema,dom neutr,V
kogemus,vastuolu,S
kogu,dom neutr,P/S
koguma,dom neutr,V
kogunema,dom neutr,V
kogus,dom neutr,S
koha,dom neutr,S/S
kohalik,dom neutr,A
koht,dom neutr,S
kohtama,dom neutr,V
kohtuma,dom neutr,V
kohtunik,dom neutr,S
kohtuotsus,vastuolu,S
kohupiim,dom neutr,S
kohus,vastuolu,S/S
kohustama,vastuolu,V
kohustuma,vastuolu,V
kohustus,dom neg,S
kohustuslik,dom neg,A
kohutav,dom neg,A
kohv,dom neutr,S
kohver,dom neutr,S
kohvik,vastuolu,S
kohvipaus,dom neutr,S
kokk,dom neutr,S
kokkulepe,vastuolu,S
kokkupõrge,dom neg,S
kokkutulek,vastuolu,S
kokkuvõte,dom neutr,S
kole,dom neg,A/D
kolima,dom neutr,V
kollane,dom neutr,A
kolleeg,vastuolu,S
kolm ,dom neutr,N
kolmandik,dom neutr,N/S
kolmapäev,dom neutr,S
kolmas,dom neutr,N
kolmekordne,dom neutr,A/S
kolmkümmend,dom neutr,N
kolmveerand,dom neutr,S
kolonel,dom neutr,S
komisjon,dom neutr,S
komissar,dom neutr,S
komitee,dom neutr,S
komme,dom neutr,S
kommentaar,dom neutr,S
kommenteerima,dom neutr,V
kommunist,dom neg,S
kommunistlik,dom neg,A
kompanii,dom neutr,S
kompleks,vastuolu,S
kompromiss,dom pos,S
komöödia,dom pos,S
konflikt,dom neg,S
kongress,dom neutr,S
konjak,dom neutr,S
konkreetne,vastuolu,A
konkurents,vastuolu,S
konkurss,vastuolu,S
konserv,dom neutr,S
kontakt,dom neutr,S
kontekst,dom neutr,S
konto,dom neutr,S
kontor,dom neutr,S
kontroll,dom neg,S
kontrollima,vastuolu,V
konts,dom neutr,S
kontseptsioon,dom neutr,S
kontsert,vastuolu,S
konventsioon,dom neutr,S
konverents,dom neutr,S
kook,dom pos,S/S
kool,vastuolu,S
kooliaasta,dom neutr,S
koolilaps,vastuolu,S
koolimaja,dom neutr,S
koolitus,dom neutr,S
koolivend,vastuolu,S
kooliõde,vastuolu,S
koondama,vastuolu,V
koondis,dom neutr,S
koonduma,vastuolu,V
koopia,dom neutr,S
koor,dom neutr,S/S
koos,vastuolu,D/S
kooskõla,dom pos,S
kooskõlastama,vastuolu,V
koosnema,dom neutr,V
koosolek,dom neutr,S
koosseis,dom neutr,S
koostama,dom neutr,V
koostöö,dom pos,S
kops,dom neutr,S
koputama,vastuolu,V
kord,dom neutr,D/S
kordama,dom neutr,V
koridor,dom neutr,S
koristaja,dom neutr,S
koristama,vastuolu,V
korjama,dom neutr,V
korraldama,dom neutr,V
korraldus,dom neutr,S
korralik,dom pos,A
korrektne,dom pos,A
korruptsioon,dom neg,S
korrus,dom neutr,S
korrutama,dom neutr,V
korsten,dom neutr,S
korter,dom neutr,S
kortermaja,dom neutr,S
korv,dom neutr,S
korvpall,dom neutr,S
kosmeetik,dom neutr,S
kostma,dom neutr,V
kotlet,dom neutr,S
kott,dom neutr,S/S
kraad,dom neutr,S
kraadiklaas,dom neutr,S
kraan,dom neutr,S
kraanikauss,dom neutr,S
kraanivesi,dom neutr,S
kreem,dom neutr,A/S
kriis,dom neg,S
kriitik,vastuolu,S
kriitika,dom neg,S
kriitiline,dom neg,A
kriminaalasi,dom neg,S
kristlik,vastuolu,A
kritiseerima,dom neg,V
kroon,dom neutr,S
kroonine,dom neutr,A/S
krunt,dom neutr,S
kruus,dom neutr,S/S
kruvikeeraja,dom neutr,S
kuiv,vastuolu,A/S
kuivama,dom neutr,V
kuivatama,dom neutr,V
kuju,dom neutr,S
kujundama,dom neutr,V
kujunema,dom neutr,V
kujutama,dom neutr,V
kukk,dom neutr,S
kukkuma,dom neg,V/V
kukutama,dom neg,V
kuld,vastuolu,S
kuldne,dom pos,A
kulg,dom neutr,S
kulgema,dom neutr,V
kull,dom neutr,S
kulm,dom neutr,S
kultuur,vastuolu,S
kultuurikeskus,vastuolu,S
kultuurimaja,vastuolu,S
kulu,vastuolu,S/S
kuluma,dom neutr,V
kulutama,vastuolu,V
kulutus,vastuolu,S
kummaline,dom neg,A
kunagine,dom neutr,A
kuningas,vastuolu,S
kunst,vastuolu,S
kunstikool,dom neutr,S
kunstimuuseum,dom neutr,S
kunstnik,vastuolu,S
kurat,dom neg,S
kurb,dom neg,A
kurbus,dom neg,S
kurg,dom neutr,S
kuri,dom neg,A/S
kuritegevus,dom neg,S
kuritegu,dom neg,S
kurjategija,dom neg,S
kurk,dom neutr,S/S
kurss,dom neutr,S
kursus,dom neutr,S
kurtma,dom neg,V
kurv,dom neutr,S
kurvastama,dom neg,V
kustutama,dom neutr,V
kutse,vastuolu,S
kutsekool,dom neutr,S
kutsuma,vastuolu,V
kuu,dom neutr,S
kuub,dom neutr,S
kuues,dom neutr,N
kuukaart,dom neutr,S
kuul,vastuolu,S
kuulaja,dom neutr,S
kuulama,dom neutr,V
kuulma,dom neutr,V
kuulsus,vastuolu,S
kuuluma,dom neutr,V
kuulus,dom vastuolu,A
kuulutama,dom neutr,V
kuulutus,dom neutr,S
kuum,vastuolu,A/S
kuupäev,dom neutr,S
kuus,dom neutr,N
kuusk,dom neutr,S
kvaliteet,vastuolu,S
kvaliteetne,dom pos,A
kvartal,dom neutr,S
kviitung,dom neutr,S
kõhn,dom neg,A
kõht,dom neutr,S
kõik,vastuolu,P/S
kõlama,dom neutr,V
kõlbama,vastuolu,V
kõndima,dom neutr,V
kõne,dom neutr,S
kõnelema,dom neutr,V
kõnelus,dom neutr,S
kõnnitee,dom neutr,S
kõrge ,dom neutr,A
kõrgharidus,vastuolu,S
kõrghoone,dom neutr,S
kõrgkool,dom neutr,S
kõrgune,dom neutr,A
kõrgus,dom neutr,S
kõrv,dom neutr,S
kõrvaldama,vastuolu,V
kõrvaltee,dom neutr,S
kõva,vastuolu,A
käekell,dom neutr,S
käekiri,dom neutr,S
käekott,dom neutr,S
käik ,dom neutr,S
käima,dom neutr,V
käituma,dom neutr,V
käive,dom neutr,S
käivitama,vastuolu,V
kärbes,vastuolu,S
kärpima,dom neg,V
käsi,dom neutr,S
käsitlema,dom neutr,V
käsk,vastuolu,S
käskima,dom neg,V
käskkiri,vastuolu,S
käsutus,dom neutr,S
käärid,dom neutr,S
köha,dom neg,S
köhima,dom neg,V
köögivili,dom neutr,S
köök,dom neutr,S
küla,dom neutr,S
külaline,dom pos,S
külaskäik,dom pos,S
külastaja,vastuolu,S
külastama,dom neutr,V
külg,dom neutr,S
külm,vastuolu,A/S
külmetama,vastuolu,V
külmkapp,dom neutr,S
kümme,dom neutr,N
kümmekond,dom neutr,N
kümnes,dom neutr,N
küpsetama,dom neutr,V
küsima,dom neutr,V
küsimus,dom neutr,S
küsitlus,dom neutr,S
küte,dom neutr,S
kütma,dom neutr,V
kütt,vastuolu,S
kütus,dom neutr,S
küünal,vastuolu,S
küüs,dom neutr,S
laad,dom neutr,S
laadima,dom neutr,V/V
laduma,dom neutr,V
laekuma,dom neutr,V
laen,vastuolu,S
laenama,vastuolu,V
laenutama,vastuolu,V
laenutus,dom neutr,S
laev,dom neutr,S
lagi,dom neutr,S
lagunema,dom neg,V
lahe,dom pos,A
lahendama,dom pos,V
lahendus,dom pos,S
lahing,dom neg,S
lahja,vastuolu,A
lahke,dom pos,A
lahkuma,vastuolu,V
laht,dom neutr,S
lahtine,vastuolu,A
lahutama,dom neg,V
lai ,vastuolu,A
laiendama,vastuolu,V
laienema,vastuolu,V
laine,dom neutr,S
laip,dom neg,S
laisk,dom neg,A
laius,dom neutr,S
lamama,dom neutr,V
lammas,dom neutr,S
lammutama,dom neg,V
lamp,dom neutr,S
langema,dom neutr,V
langetama,dom neutr,V
langus,vastuolu,S
laps,vastuolu,S
lapsehoidja,dom neutr,S
lapselaps,dom pos,S
lapsepõlv,dom pos,S
lapsevanem,vastuolu,S
laskemoon,vastuolu,S
laskma,vastuolu,V
lasteaed,vastuolu,S
lastekodu,dom neg,S
laud,dom neutr,S
laul,dom neutr,S
laulja,dom neutr,S
laulma,vastuolu,V
laupäev,vastuolu,S
lause,dom neutr,S
lausuma,dom neutr,V
laut,dom neutr,S
lava,dom neutr,S
lavastaja,dom neutr,S
lavastama,dom neutr,V
lavastus,dom neutr,S
legend,vastuolu,S
lehekülg,dom neutr,S
lehm,vastuolu,S
leht,dom neutr,S
leib,dom pos,S
leidma,vastuolu,V
leiduma,dom neutr,V
lektor,dom neutr,S
lemmik,dom pos,S
lemmikloom,dom pos,S
lend,dom neutr,S
lendama,dom neutr,V
lennujaam,dom neutr,S
lennuk,dom neutr,S
lennuväli,dom neutr,S
lepe,vastuolu,S
leping,dom neutr,S
leppima,vastuolu,V
lesk,dom neg,S
lett,dom neutr,S
levi,dom neutr,S
levima,dom neutr,V
libe,dom neg,A/S
libisema,vastuolu,V
lift,dom neutr,S
liha,dom neutr,S
lihavõtted,vastuolu,S
lihtne ,vastuolu,A
liiga,vastuolu,D/S
liige,dom neutr,S
liigne,dom neg,A
liik,dom neutr,S/S
liiklus,dom neutr,S
liiklusmärk,dom neutr,S
liikuma,dom neutr,V
liim,dom neutr,S
liin,dom neutr,S
liit,dom neutr,S
liiter,dom neutr,S
liitma,dom neutr,V
liitrine,dom neutr,A
liituma,dom neutr,V
liiv,dom neutr,S
liivane,dom neutr,A
lill,dom pos,S
lilla,vastuolu,A
limonaad,vastuolu,S
lina,dom neutr,S
lind,dom neutr,S
linlane,dom neutr,S
linn,dom neutr,S
linnaosa,dom neutr,S
linnapea,dom neutr,S
linnavalitsus,dom neutr,S
lipp,dom neutr,S/S
lisa,dom neutr,S
lisama,dom neutr,V
lisanduma,dom neutr,V
loeng,dom neutr,S
lohutama,dom vastuolu,V
loll,dom neg,A/S
loobuma,dom neg,V
loodu,vastuolu,S
loodus,vastuolu,S
loogiline,dom pos,A
loojuma,vastuolu,V
loom,dom neutr,S/S
looma,dom pos,V
loomaaed,dom neutr,S
looming,dom pos,S
loominguline,dom pos,A
loomulik,dom pos,A
loosung,vastuolu,S
lootma,dom pos,V
lootus,dom pos,S
lootusetu,dom neg,A
loovutama,dom neg,V
loss,vastuolu,S
loterii,vastuolu,S
luba,vastuolu,S
lubadus,dom pos,S
lubama,dom pos,V
lugeja,dom neutr,S
lugema,dom neutr,V
lugu,dom neutr,S
luik,dom neutr,S
lukk,dom neutr,S
lumi,dom neutr,S
lusikas,dom neutr,S
luule,vastuolu,S
luuletaja,dom neutr,S
luuletus,dom neutr,S
lõbus,dom pos,A
lõhkuma,dom neg,V
lõhn,vastuolu,S
lõhnama,dom pos,V
lõikama,vastuolu,V
lõpetama,vastuolu,V
lõpetanu,dom neutr,S
lõplik,dom vastuolu,A
lõpp,vastuolu,S
lõppema,vastuolu,V
lõug,dom neutr,S
lõuna,dom neutr,S
lõunasöök,dom neutr,S
lõvi,dom neutr,S
läbima,dom neutr,V
lähedane,dom pos,A/S
lähedus,dom pos,S
lähem,dom neutr,A
lähenema,vastuolu,V
lähim,vastuolu,A
lähtuma,dom neutr,V
läikima,vastuolu,V
lääs,dom neutr,S
lörts,dom neg,S
löök,vastuolu,S
lööma,dom neg,V
lühem,dom neutr,A
lühike,dom neutr,A
lükkama,dom neutr,V
lülitama,dom neutr,V
lüpsma,dom neutr,V
maa,dom neutr,S
maa-ala,dom neutr,S
maailm,dom neutr,S
maailmameister,dom pos,S
maailmasõda,dom neg,S
maakond,dom neutr,S
maal,dom neutr,D/S
maalima,vastuolu,V
maanduma,dom neutr,V
maantee,dom neutr,S
maarahvas,vastuolu,S
maasikas,dom pos,S
maastik,dom neutr,S
maavalitsus,dom neutr,S
madal ,vastuolu,A/S
madrus,dom neutr,S
magama,dom neutr,V
magamistuba,dom neutr,S
mage,dom neg,A
magus,vastuolu,A
magustoit,dom pos,S
mahl,dom neutr,S
maht,dom neutr,S
mahtuma,dom neutr,V
mai,dom neutr,S
maine,dom neutr,A/S
mainima,dom neutr,V
maitse,dom neutr,S
maitseaine,dom neutr,S
maitsema,vastuolu,V
maitsev,dom pos,A
maitsma,dom neutr,V
maja,dom neutr,S
majandus,dom neutr,S
majanduslik,dom neutr,A
maks,dom neutr,S/S
makse,dom neutr,S
maksma,dom neutr,V
malev,dom neutr,S
mantel,dom neutr,S
mari,dom neutr,S
mark,dom neutr,S/S
marsruut,dom neutr,S
masin,dom neutr,S
mask,dom neutr,S
mass,vastuolu,S
matemaatika,dom neutr,S
materiaalne,dom neutr,A
materjal,dom neutr,S
matk,dom neutr,S
matma,dom neg,V
matus,dom neg,S
medal,dom pos,S
meditsiin,dom neutr,S
meede,dom neutr,S
meel,dom neutr,S
meeldima,dom pos,V
meeldiv,dom pos,A
meelelahutus,dom pos,S
meeleolu,dom neutr,S
meelitama,vastuolu,V
meene,vastuolu,S
meenuma,dom neutr,V
meenutama,dom neutr,V
mees,dom neutr,S
meeskond,dom neutr,S
meessugu,dom neutr,S
meeter,dom neutr,S
meetod,dom neutr,S
mehhanism,dom neutr,S
meilima,dom neutr,V
meister,dom pos,S
menüü,dom neutr,S
meri,dom neutr,S
mesi,dom pos,S
mesilane,vastuolu,S
mess,dom neutr,S
metall,dom neutr,S
mets,dom neutr,S
metsloom,dom neutr,S
miinus,vastuolu,S
miljard,dom neutr,N
miljon,dom neutr,N
millimeeter,dom neutr,S
mina,vastuolu,P/S
minek,dom neutr,S
minema,dom neutr,V
minevik,dom neutr,S
minimaalne,dom neutr,A
ministeerium ,dom neutr,S
minister ,dom neutr,S
minut,dom neutr,S
mobiiltelefon,dom neutr,S
moment,dom neutr,S
mood,dom neutr,S
moodne,dom pos,A
moodustama,dom neutr,V
moos,dom pos,S
mootor,dom neutr,S
mootorratas,dom neutr,S
mudel,dom neutr,S
mugav,dom pos,A
mugavus,dom pos,S
muld,dom neutr,S
mulje,dom neutr,S
mullune,dom neutr,A
muna,dom neutr,S
murd,dom neutr,S
murdma,vastuolu,V
mure,dom neg,A/S
murelik,dom neg,A
muretsema,dom neg,V
muretu,dom pos,A
muru,dom neutr,S
must,vastuolu,A/S
mustikas,dom neutr,S
mustsõstar,dom neutr,S
muudatus,vastuolu,S
muulane,dom neg,S
muuseum,dom neutr,S
muusik,dom neutr,S
muusika,dom neutr,S
muusikal,dom neutr,S
muutlik,dom neg,A
muutma,dom neutr,V
muutuma,dom neutr,V
muutus,vastuolu,S
mõis,dom neutr,S
mõiste,dom neutr,S
mõistlik,dom pos,A
mõistma,dom pos,V
mõistus,vastuolu,S
mõju,dom neutr,S
mõjuma,dom neutr,V
mõjutama,vastuolu,V
mõnus,dom pos,A
mõrv,dom neg,S
mõte,dom neutr,S
mõtlema,vastuolu,V
mõtlik,dom neutr,A
mõttetu,dom neg,A
mõõde,dom neutr,S
mõõdukas,vastuolu,A
mõõtma,dom neutr,V
mägi,dom neutr,S
mälestus,vastuolu,S
mälestusmärk,dom neutr,S
mäletama,vastuolu,V
mälu,dom neutr,S
mänd,dom neutr,S
mäng,vastuolu,S
mängija,dom neutr,S
mängima,vastuolu,V
mänguasi,vastuolu,S
märg,vastuolu,A
märk,dom neutr,S/S
märkama,vastuolu,V
märkima,dom neutr,V
märkimisväärne,vastuolu,A
märkus,dom neg,S
märts,dom neutr,S
määr,dom neutr,S
määrama,dom neutr,V
määratlema,dom neutr,V
määrav,dom neutr,A
määrima,vastuolu,V
määrus,dom neutr,S
mööbel,dom neutr,S
mööduma,dom neutr,V
möödunu,vastuolu,S
möönma,dom neutr,V
müra,dom neg,S
mürgine,dom neg,A
mürgitama,dom neg,V
mürk,dom neg,S
müts,dom neutr,S
müüja,dom neutr,S
müük,dom neutr,S
müüma,dom neutr,V
müür,dom neutr,S
naaber,vastuolu,S
naasma,dom neutr,V
nael,dom neutr,S
naeratama,dom pos,V
naeratus,dom pos,S
naerma,dom vastuolu,V
nahk,dom neutr,S
naine,dom neutr,S
naissugu,dom neutr,S
nakkushaigus,dom neg,S
nali,vastuolu,S
naljakas,vastuolu,A
napp,vastuolu,A
nappima,dom neutr,V
narkomaan,dom neg,S
narkootikum,dom neg,S
nautima,dom pos,V
neeger,vastuolu,S
negatiivne,dom neg,A
neitsi,vastuolu,S
neiu,dom neutr,S
neli,dom neutr,N
neljapäev,dom neutr,S
neljas,dom neutr,N
nelk,dom neutr,S
nentima,dom neutr,V
nimekiri,dom neutr,S
nimeline,dom neutr,A
nimetama,dom neutr,V
nimetatu,dom neutr,S
nimetus,dom neutr,S
nimi,dom neutr,S
nina,dom neutr,S
nohu,dom neg,S
noor ,dom pos,A/S
noormees,dom neutr,S
nooruk,dom neutr,S
norm,dom neutr,S
normaalne,dom pos,A
notar,dom neutr,S
november,dom neutr,S
nuga,dom neutr,S
nukk,dom neutr,S/S/S
null,dom neutr,N/S
number,dom neutr,S
numbrimärk,dom neutr,S
nurk,dom neutr,S
nurmenukk,dom neutr,S
nutma,dom neg,V
nutt,dom neg,S
nõrk ,dom neg,A
nõrkus,dom neg,S
nõu,dom neutr,S/S
nõudlik,dom vastuolu,A
nõudma,vastuolu,V
nõue,vastuolu,S
nõukogu,dom neutr,S
nõusolek,dom pos,S
nõustuma,dom pos,V
nädal,dom neutr,S
nädalalõpp,dom neutr,S
nädalapäev,dom neutr,S
nädalavahetus,vastuolu,S
nägema,dom neutr,V
nägemus,dom neutr,S
nägu,dom neutr,S
nähtus,dom neutr,S
näide,dom neutr,S
näidend,dom neutr,S
näima,dom neutr,V
näit,dom neutr,S
näitaja,dom neutr,S
näitama,dom neutr,V
näitleja,dom neutr,S
näitus,dom neutr,S
näljane,dom neg,A
näpp,dom neutr,S
närv,dom neutr,S
närveerima,dom neg,V
närviline,dom neg,A
nüüdne,dom neutr,A
objekt,dom neutr,S
odav ,dom vastuolu,A
oht,dom neg,S
ohtlik,dom neg,A
ohustama,dom neg,V
ohutu,dom pos,A
ohver,dom neg,S
ohvitser,dom neutr,S
oja,dom neutr,S
oksendama,dom neg,V
oktoober,dom neutr,S
olek,dom neutr,S
olema,dom neutr,V
olemasolu,dom neutr,S
olematu,dom neg,A
olemus,dom neutr,S
olenema,dom neutr,V
oletama,dom neutr,V
olu,dom neutr,S
olukord,dom neutr,S
oluline ,vastuolu,A
oma,vastuolu,A/S/P/D
omaaegne,dom neutr,A
omaksed,vastuolu,S
omama,dom neutr,V
omand,dom neutr,S
omandama,vastuolu,V
omane,dom neutr,A
omanik,vastuolu,S
omavaheline,dom neutr,A
onu,vastuolu,S
ookean,dom neutr,S
ooper,dom neutr,S
ootama,vastuolu,V
ootamatu,dom vastuolu,A
ootus,dom vastuolu,S
operatsioon,vastuolu,S
operett,dom neutr,S
opositsioon,vastuolu,S
optimistlik,dom pos,A
oranž,dom neutr,A
orav,dom neutr,S
orel,dom neutr,S
organisatsioon,dom neutr,S
organiseerima,dom neutr,V
organism,dom neutr,S
orkester,dom neutr,S
osa,dom neutr,S
osakond,dom neutr,S
osalema,dom neutr,V
osaline,dom neutr,A
osariik,dom neutr,S
osavõtja,dom neutr,S
osaühing,dom neutr,S
oskama,dom pos,V
oskus,dom pos,S
ost,dom neutr,S
ostja,dom neutr,S
ostma,dom neutr,V
ostukeskus,dom neutr,S
osutama,dom neutr,V
osutuma,dom neutr,V
ots,dom neutr,S
otsene,dom neutr,A
otsima,dom neutr,V
otstarbekas,vastuolu,A
otstarve,dom neutr,S
otsus,dom neutr,S
otsustama,dom neutr,V
paar,dom neutr,N/S
paarkümmend,dom neutr,N
paat,dom neutr,S
paber,dom neutr,S
pagas,dom neutr,S
pagasiruum,dom neutr,S
paha,dom neg,A/S
pahandama,dom neg,V
pahandus,dom neg,S
pahane,dom neg,A
paigaldama,dom neutr,V
paigutama,dom neutr,V
paik,dom neutr,S/S
paiknema,dom neutr,V
paistma,dom neutr,V
pakane,vastuolu,S
pakend,dom neutr,S
pakk,dom neutr,S/S
pakkima,dom neutr,V
pakkuma,dom neutr,V
paks,vastuolu,A/S
pala,dom neutr,S
palav,dom neg,A
palavik,dom neg,S
palavus,dom neg,S
palgapäev,vastuolu,S
paljas,vastuolu,A
palju,vastuolu,D/P
palk,dom neutr,S/S
pall,dom neutr,S
paluma,vastuolu,V
palve,dom vastuolu,S
panema,dom neutr,V
pangaarve,dom neutr,S
pangakaart,dom neutr,S
pank,dom neutr,S/S
pankrot,dom neg,S
pankur,vastuolu,S
pann,dom neutr,S
panus,vastuolu,S
paraad,vastuolu,S
paragrahv,dom neutr,S
parandama,dom pos,V
parandus,vastuolu,S
paranema,dom pos,V
paras,dom pos,A
parem,dom pos,A/D
parempoolne,dom neutr,A
parim,dom pos,A
park,dom neutr,S
parkima,dom neutr,V
parkla,dom neutr,S
parlament,dom neutr,S
part,dom neutr,S
partei,vastuolu,S
partii,dom neutr,S
partner,dom neutr,S
pass,dom neutr,S
pastakas,dom neutr,S
pastor,dom neutr,S
patsient,vastuolu,S
pea,dom neutr,D/S
pealinn,dom neutr,S
pealkiri,dom neutr,S
pealtvaataja,dom neutr,S
peamine,dom neutr,A
peaminister,dom neutr,S
peatama,dom neutr,V
peatee,dom neutr,S
peatoimetaja,dom neutr,S
peatuma,dom neutr,V
peatus,dom neutr,S
peavalu,dom neg,S
pedagoog,dom neutr,S
peegel,dom neutr,S
peegeldama,dom neutr,V
peenike,vastuolu,A
pehme,vastuolu,A
peitma,vastuolu,V
peituma,dom neutr,V
peksma,dom neg,V
pension ,dom neutr,S
pensionär,dom neutr,S
pere,dom pos,S
perekond,vastuolu,S
perekonnaliige,dom neutr,S
perekonnanimi,dom neutr,S
perekonnaseis,dom neutr,S
pereliige,dom neutr,S
peremees,vastuolu,S
perenaine,dom neutr,S
periood,dom neutr,S
pesa,vastuolu,S
pesema,dom neutr,V
pesu,dom neutr,S
petma,dom neg,V
pettuma,dom neg,V
pettus,dom neg,S
pidama,dom neutr,V/V
pidev,vastuolu,A
pidžaama,dom neutr,S
pidu,dom pos,S/S
pidulik,dom pos,A
pidurdama,dom neutr,V
pihk,dom neutr,S/S
piim,dom neutr,S
piinlik,dom neg,A
piir ,dom neutr,S
piirama,dom neutr,V
piirduma,dom neutr,V
piirivalve,dom neutr,S
piirkond,dom neutr,S
piisama,vastuolu,V
piisav,dom pos,A
pikaajaline,vastuolu,A
pikem,vastuolu,A
pikendama,dom neutr,V
pikk,dom neutr,A
pikkune,dom neutr,A
pikkus,dom neutr,S
piklik,dom neutr,A
pildistama,dom neutr,V
pilet,dom neutr,S
pilk,dom neutr,S
pill,dom neutr,S/S
piloot,dom neutr,S
pilt,dom neutr,S
pilv,dom neutr,S
pilvine,dom neg,A
pilvitu,dom pos,A
pime,dom neg,A/S
pimedus,dom neg,S
pind,dom neutr,S/S
pinge,dom neg,S
pingutama,dom neutr,V
pingutus,vastuolu,S
pintsak,dom neutr,S
pipar,dom neutr,S
pirn,dom neutr,S
pisike,dom vastuolu,A
pistma,dom neutr,V
plaan,dom neutr,S
plaanima,dom neutr,V
plaat,dom neutr,S
plahvatus,dom neg,S
planeerima,dom neutr,V/V
plats,dom neutr,S
pleier,dom neutr,S
pliiats,dom neutr,S
pliit,dom neutr,S
ploom,dom neutr,S
pluss,vastuolu,S
poeg,vastuolu,S
poiss,dom neutr,S
pole,vastuolu,
poliitik,dom neutr,S
poliitika,dom neutr,S
poliitiline,vastuolu,A
polikliinik,dom neutr,S
politsei,dom neutr,S
politseinik,dom neutr,S
pomm,dom neg,S
pood,dom neutr,S
pool,dom neutr,D/S/S/N
poolaasta,dom neutr,S
pooldama,dom pos,V
poolsaar,dom neutr,S
poolteist,dom neutr,N
populaarne,vastuolu,A
populaarsus,vastuolu,S
porgand,dom neutr,S
pori,dom neg,S
positiivne,dom pos,A
positsioon,dom neutr,S
post,dom neutr,S/S
postiindeks,dom neutr,S
postkast,dom neutr,S
postkontor,dom neutr,S
postmark,dom neutr,S
potentsiaalne,vastuolu,A
praad,dom neutr,S
praam,dom neutr,S
praegune,dom neutr,A
praht,vastuolu,S
praktika,dom neutr,S
praktiline,dom pos,A
preemia,dom pos,S
president,vastuolu,S
press,dom neutr,S/S
pressima,vastuolu,V
prillid,dom neutr,S
printer,dom neutr,S
probleem,dom neg,S
professionaalne,dom pos,A
professor,vastuolu,S
programm,dom neutr,S
projekt,dom neutr,S
prokurör,dom neutr,S
proov,dom neutr,S
proovikabiin,dom neutr,S
proovima,dom neutr,V
protest,dom neg,S
protseduur,dom neutr,S
protsent,dom neutr,S
protsess,dom neutr,S
proua,vastuolu,S
provints,dom neg,S
pruukima,vastuolu,V
pruun,dom neutr,A/S
prügi,dom neg,S
prügikast,dom neutr,S
psühholoog,dom neutr,S
psühholoogia,dom neutr,S
psühholoogiline,dom neutr,A
publik,dom neutr,S
pudel,dom neutr,S
puder,dom neutr,S
puhas,dom pos,A
puhastama,dom neutr,V
puhk,dom neutr,S
puhkaja,vastuolu,S
puhkama,dom pos,V
puhkema,vastuolu,V
puhkepäev,dom pos,S
puhkus ,dom pos,S
puhuma,dom neutr,V
puiestee,dom neutr,S
pulm,dom pos,S
punane,dom neutr,A/S
punkt,dom neutr,S
purunema,dom neg,V
puu,dom neutr,S
puuduma,dom neg,V
puudus,dom neg,S
puudutama,dom neutr,V
puutuma,dom neutr,V
puuvili,dom neutr,S
puuvillane,dom neutr,A
põder,dom neutr,S
põgenema,dom neg,V
põhi,dom neutr,S
põhikool,dom neutr,S
põhiline,dom neutr,A
põhimõte,dom neutr,S
põhimõtteline,dom vastuolu,A
põhinema,dom neutr,V
põhiseadus,dom neutr,S
põhjalik,dom pos,A
põhjendama,dom neutr,V
põhjendus,dom neutr,S
põhjus,dom neutr,S
põhjustama,vastuolu,V
põld,dom neutr,S
põlema,dom neutr,V
põletik,dom neg,S
põllumajandus,dom neutr,S
põllumees,dom neutr,S
põlv,dom neutr,S
põlvkond,dom neutr,S
põnev,dom pos,A
põrand,dom neutr,S
põsk,dom neutr,S
põud,dom neg,S
põõsas,dom neutr,S
päev,dom neutr,S
päevakord,dom neutr,S
päevik,dom neutr,S
päevitama,vastuolu,V
päike,dom pos,S/S
päikeseline,dom pos,A
päikeseloojang,vastuolu,S
päikesetõus,vastuolu,S
pälvima,vastuolu,V
pärastlõuna,dom neutr,S
pärima,dom neutr,V
pärinema,dom neutr,V
päritolu,dom neutr,S
pääs,dom neutr,S
pääsema,dom pos,V
päästeamet,dom neutr,S
päästma,dom pos,V
pööning,dom neutr,S
pöörama,dom neutr,V
pöörduma,dom neutr,V
püha ,dom pos,A/S
pühad,dom pos,S
pühapäev,dom pos,S
pühendama,vastuolu,V
püksid,dom neutr,S
püsima,dom neutr,V
püstitama,dom neutr,V
püstol,dom neg,S
püüdma,dom neutr,V
raadio,dom neutr,S
raam ,dom neutr,S
raamat,dom neutr,S
raamatukogu,dom neutr,S
raamatupidaja,dom neutr,S
raamatupood,dom neutr,S
rada,dom neutr,S
radiaator,dom neutr,S
raekoda,dom neutr,S
raha,vastuolu,S
rahakott,dom neutr,S
rahaline,dom neutr,A
rahu,dom pos,S
rahuldama,dom pos,V
rahulik,dom pos,A
rahustama,dom pos,V
rahutu,dom neg,A
rahvas,dom neutr,S
rahvus,dom neutr,S
rahvuslik,vastuolu,A
rahvusvaheline,dom neutr,A
raiskama,dom neg,V
rajama,vastuolu,V
rajoon,dom neutr,S
rakendama,dom neutr,V
rand,dom neutr,S
range,dom neg,A
raport,dom neutr,S
rase,vastuolu,A/S
raske,dom neg,A
raskus,dom neutr,S
rasv,vastuolu,S
rasvane,dom neg,A
ratas,dom neutr,S
raud,dom neutr,S
raudne,vastuolu,A
raudtee,dom neutr,S
raudteejaam,dom neutr,S
ravi,vastuolu,S
ravikindlustus,dom neutr,S
ravim,dom pos,S
ravima,dom pos,V
reaalne,dom neutr,A
reageerima,dom neutr,V
rebane,dom neutr,S
rebima,vastuolu,V
reede,dom neutr,S
reegel,dom neutr,S
reform,dom neutr,S
register,dom neutr,S
registratuur,dom neutr,S
registreerima,dom neutr,V
reguleerima,dom neutr,V
rehv,dom neutr,S
reis,dom neutr,S/S
reisija,dom neutr,S
reisima,dom neutr,V
reklaam,vastuolu,S
reklaamima,dom neutr,V
rektor,dom neutr,S
relv,dom neg,S
remont,vastuolu,S
remontima,vastuolu,V
rent,dom neutr,S
rentima,dom neutr,V
repliik,dom neutr,S
reserv,dom neutr,S
reserveerima,dom neutr,V
ressurss,dom neutr,S
restoran,dom neutr,S
režissöör,dom neutr,S
rida,dom neutr,S
riided,dom neutr,S
riie,dom neutr,S
riigiametnik,dom neutr,S
riigiasutus,dom neutr,S
riigiettevõte,dom neutr,S
riigikaitse,dom neutr,S
riigikogu,dom neutr,S
riigikogulane,vastuolu,S
riik,dom neutr,S
riiklik,dom neutr,A
riis,dom neutr,S
rikas,vastuolu,A
rikkuma,dom neg,V
rikkus,dom pos,S
rind,dom neutr,S
ring,dom neutr,S
ringkond,dom neutr,S
rippuma,dom neutr,V
riputama,dom neutr,V
risk,dom neg,S
rist,vastuolu,S
ristmik,dom neutr,S
rivaal,dom neg,S
roheline,dom neutr,A
rohi,vastuolu,S
roll,dom neutr,S
romaan,vastuolu,S
rong,dom neutr,S
rongijaam,dom neutr,S
ronima,dom neutr,V
rool,dom neutr,S
roos,vastuolu,S
roosa,vastuolu,A/S
rott,dom neg,S
rubla,dom neutr,S
rumal,dom neg,A
rumalus,dom neg,S
ruuduline,dom neutr,A
ruum,dom neutr,S
ruutmeeter,dom neutr,S
rõdu,dom neutr,S
rõhutama,vastuolu,V
rõõm,dom pos,S
rõõmus,dom pos,A
rõõmustama,dom pos,V
rätsep,dom neutr,S
rääkima,dom neutr,V
rööv,dom neg,S
röövel,dom neg,S
röövima,dom neg,V
rühm,dom neutr,S
ründama,dom neg,V
rünnak,dom neg,S
saabas,dom neutr,S
saabuma,dom neutr,V
saade,dom neutr,S
saadik,dom neutr,D/S
saadu,dom neutr,S
saaja,dom neutr,S
saak,dom pos,S
saal,dom neutr,S
saama,dom neutr,V
saar,dom neutr,S/S
saatkond,dom neutr,S
saatma,dom neutr,V
saatus,vastuolu,S
saav,dom neutr,A
saavutama,dom pos,V
saavutus,dom pos,S
saba,dom neutr,S
sada,dom neutr,N
sadam,dom neutr,S
sadu,vastuolu,S
sai,dom neutr,S
sajand,dom neutr,S
saladus,vastuolu,S
salajane,dom neg,A
salat,dom neutr,S
salong,dom neutr,S
salvestama,dom neutr,V
samm,dom neutr,S
sari,dom neutr,S
sarnane,dom neutr,A
sarnanema,dom neutr,V
sattuma,dom neutr,V
saun,dom neutr,S
seade,dom neutr,S/S
seadma,dom neutr,V
seadus,dom neutr,S
seadusevastane,dom neg,A
seaduslik,vastuolu,A
sealne,dom neutr,A
seekordne,dom neutr,A
seelik,dom neutr,S
seen,dom neutr,S
seep,dom neutr,S
seeria,dom neutr,S
segadus,dom neg,S
segama,vastuolu,V
segane,dom neg,A
sein,dom neutr,S
seis,dom neutr,S
seisma,dom neutr,V
seisnema,dom neutr,V
seisukoht,dom neutr,S
seisukord,dom neutr,S
seisund,dom neutr,S
seitse,dom neutr,N
seitsmes,dom neutr,N
sekkuma,dom neutr,V
sekretär,dom neutr,S
seksuaalne,vastuolu,A
sektor,dom neutr,S
sekund,dom neutr,S
seletama,dom neutr,V
seletus,dom neutr,S
selg ,dom neutr,S
selge ,dom pos,A
selgitama,dom neutr,V
selgitus,dom neutr,S
selguma,dom neutr,V
selgus,dom pos,S
selts,dom neutr,S
seltskond,dom neutr,S
seminar,dom neutr,S
senine,dom neutr,A
sent,dom neutr,S
sentimeeter,dom neutr,S
seos,dom neutr,S
sepik,dom neutr,S
sepp,dom neutr,S
september,dom neutr,S
sibul,dom neutr,S
side,dom neutr,S/S
sidrun,dom neutr,S
siduma,dom neutr,V
siga,vastuolu,A/S
sigaret,dom neutr,S
signaal,dom neutr,S
siht,dom neutr,S
sihtasutus,dom neutr,S
sihtkoht,dom neutr,S
siin,dom neutr,D/S
siinne,dom neutr,A
sild,dom neutr,S
sile,dom pos,A
silm,dom neutr,S/S
silt,dom neutr,S
sina,dom neutr,P/S
sinine,dom neutr,A/S
sink,dom neutr,S
sirge,vastuolu,A/S
sisaldama,dom neutr,V
sisemine,dom neutr,A
sisenema,dom neutr,V
sissepääs,dom neutr,S
sissetulek,dom neutr,S
sisu,dom neutr,S
sisuline,dom pos,A
situatsioon,dom neutr,S
skandaal,dom neg,S
skeem,dom neutr,S
sobima,dom pos,V
soe,dom pos,A/S
soeng,dom neutr,S
solvuma,dom neg,V
soodne,dom pos,A
soojus,dom pos,S
sool,dom neutr,S/S
soolane,vastuolu,A
sooritama,dom neutr,V
soov,dom neutr,S
soovija,dom neutr,S
soovima,dom neutr,V
soovitama,vastuolu,V
soovitus,dom pos,S
sort,dom neutr,S
sosistama,vastuolu,V
sotsiaalne,dom neutr,A
spetsiaalne,vastuolu,A
spetsialist,vastuolu,S
sponsor,vastuolu,S
spordiala,dom neutr,S
spordivõistlus,dom neutr,S
sport,dom neutr,S
sportima,dom neutr,V
sportlane,dom neutr,S
staadion,dom neutr,S
staatus,dom neutr,S
stabiilne,vastuolu,A
stabiilsus,dom pos,S
startima,dom neutr,V
statistika,dom neutr,S
stiil,dom neutr,S
stipendium,dom pos,S
stjuardess,dom neutr,S
strateegiline,dom neutr,A
stress,dom neg,S
struktuur,dom neutr,S
stsenaarium,dom neutr,S
sugu,dom neutr,S/D
sugulane,vastuolu,S
suhe,vastuolu,S
suhkur,dom neutr,S
suhteline,dom neutr,A
suhtlema,dom neutr,V
suhtuma,dom neutr,V
suits,dom neg,S
suitsetama,dom neg,V
sulama,dom neutr,V
sularaha,dom neutr,S
sulg,dom neutr,S/S
sulgema,vastuolu,V
summa,dom neutr,S
sundima,dom neg,V
supp,vastuolu,S
surema,dom neg,V
surm,dom neg,S
surnu,dom neg,S
surnuaed,vastuolu,S
surnukeha,dom neg,S
suruma,dom neg,V
surve,dom neg,S
suu,dom neutr,S
suudlema,dom pos,V
suuline,dom neutr,A
suunama,dom neutr,V
suund ,dom neutr,S
suunduma,dom neutr,V
suur ,dom neutr,A
suurendama,dom neutr,V
suurenema,dom neutr,V
suurepärane,dom pos,A
suurune,dom neutr,A
suurus,dom neutr,S
suusataja,dom neutr,S
suusatama,dom neutr,V
suusk,dom neutr,S
suutma,vastuolu,V
suveniir,dom neutr,S
suvi,dom pos,S
suvila,dom neutr,S
suvine,vastuolu,A
sõber,dom pos,S
sõbralik,dom pos,A
sõbranna,vastuolu,S
sõbratar,dom pos,S
sõda,dom neg,S
sõdima,dom neg,V
sõdur,vastuolu,S
sõiduauto,dom neutr,S
sõiduk,dom neutr,S
sõidutama,dom neutr,V
sõidutee,dom neutr,S
sõit,dom neutr,S
sõitja,dom neutr,S
sõitma,dom neutr,V
sõjaline,vastuolu,A
sõjavägi,dom vastuolu,S
sõlmima,dom neutr,V
sõltuma,vastuolu,V
sõltumatu,dom pos,A
sõna,dom neutr,S
sõnama,dom neutr,V
sõnaraamat,dom neutr,S
sõnastama,dom neutr,V
sõnum,dom neutr,S
sõprus,dom pos,S
sõrm,dom neutr,S
sõrmus,dom neutr,S
säilima,dom neutr,V
säilitama,dom neutr,V
sääsk,dom neg,S
säästma,vastuolu,V
söök,dom neutr,S
sööma,dom neutr,V
söötma,dom neutr,V
süda,dom neutr,S
südalinn,dom neutr,S
südaöö,dom neutr,S
sügav,dom neutr,A
sügis,dom neutr,S
sügisene,dom neutr,A
sümbol,dom neutr,S
sümpaatne,dom pos,A
sünd,dom neutr,S
sündima,dom neutr,V
sündinu,dom neutr,S
sündmus,dom neutr,S
sünnikoht,dom neutr,S
sünnikuupäev,dom neutr,S
sünnipäev,dom pos,S
sünnitama,dom neutr,V
sünnitunnistus,dom neutr,S
süst,dom neutr,S
süsteem,dom neutr,S
süttima,vastuolu,V
süü,dom neg,S
süüdistama,dom neg,V
süüdistus,dom neg,S
süütama,vastuolu,V
šokolaad,vastuolu,S
žilett,dom neutr,S
taastama,dom pos,V
tabama,vastuolu,V
tabel,dom neutr,S
tablett,vastuolu,S
taevas,vastuolu,S
tagajärg,vastuolu,S
tagama,dom neutr,V
tagasihoidlik,dom pos,A
tagastama,dom neutr,V
tagatis,dom neutr,S
tagune,dom neutr,S
tahe,dom pos,A/S
tahtma,dom neutr,V
taigen,dom neutr,S
taim,dom neutr,S
takistama,dom neg,V
takistus,dom neg,S
takso,dom neutr,S
taksojuht,dom neutr,S
taktika,dom neutr,S
taldrik,dom neutr,S
talu,dom neutr,S
talunik,dom neutr,S
talupidaja,dom neutr,S
talv,dom neutr,S
talvine,vastuolu,A
tankima,dom neutr,V
tants,vastuolu,S
tantsija,dom neutr,S
tantsima,dom pos,V
taoline,dom neutr,A/P
taotlema,dom neutr,V
taotlus,dom neutr,S
tapma,dom neg,V
tarbima,dom neutr,V
tark ,dom pos,A/S
tarkus,dom pos,S
tarve,dom neutr,S
tasakaal,dom pos,S
tasand,dom neutr,S
tase,dom neutr,S
tasku,dom neutr,S
tass,dom neutr,S
tasu,vastuolu,S
tasuline,vastuolu,A
tasuma,dom neutr,V
taust,dom neutr,S
tava,dom neutr,S
tavaline,dom neutr,A
tavapärane,dom neutr,A
teade,dom neutr,S
teadlane,dom neutr,S
teadlik,dom pos,A
teadma,vastuolu,V
teadus,vastuolu,S
teaduslik,vastuolu,A
teadvustama,dom neutr,V
teatama,dom neutr,V
teatav,dom neutr,A
teater,vastuolu,S
teave,dom neutr,S
tee,dom neutr,S/S
teekond,dom neutr,S
teema,dom neutr,S
teene,vastuolu,S
teenima,dom neutr,V
teenindama,dom neutr,V
teenindus,dom neutr,S
teenistus,dom neutr,S
teenus,dom neutr,S
teenustasu,vastuolu,S
tegelane,dom neutr,S
tegelema,dom neutr,V
tegelik,dom neutr,A
tegelikkus,dom neutr,S
tegema,dom neutr,V
tegevus,dom neutr,S
tegija,dom neutr,S
tegu,dom neutr,S
tegur,dom neutr,S
tegutsema,dom neutr,V
tehas,dom neutr,S
tehing,dom neutr,S
tehnika,dom neutr,S
tehniline,dom neutr,A
tehnoloogia,dom neutr,S
tehtu,dom neutr,S
teine,dom neutr,N/P
teisipäev,dom neutr,S
teke,dom neutr,S
tekitama,dom neutr,V
tekk,dom neutr,S
tekkima,dom neutr,V
teksad,dom neutr,S
tekst,dom neutr,S
telefon,dom neutr,S
telefonikõne,dom neutr,S
telefoninumber,dom neutr,S
telekanal,dom neutr,S
telekas,dom neutr,S
teler,dom neutr,S
televiisor,dom neutr,S
tellija,dom neutr,S
tellima,dom neutr,V
tellimus,dom neutr,S
temperatuur,dom neutr,S
tempo,dom neutr,S
tennis,dom neutr,S
teos,dom neutr,S
teostama,dom neutr,V
tera,dom neutr,S
terav,vastuolu,A
territoorium,dom neutr,S
terve,dom pos,A/S
tervik,dom neutr,S
tervis,dom neutr,S
tervislik,dom pos,A
tervitama,dom pos,V
tervitus,dom pos,S
tige,dom neg,A
tigu,vastuolu,S
tihe,dom neutr,A
tiib,dom neutr,S
tiitel,dom neutr,S
tikk,dom neutr,S
tingima,dom neutr,V
tingimus,dom neutr,S
tipp,vastuolu,S
tippjuht,dom neutr,S
toetaja,dom pos,S
toetama,dom pos,V
toetuma,dom neutr,V
toetus,dom pos,S
tohtima,dom pos,V
tohutu,vastuolu,A/D
toiduaine ,dom neutr,S
toidupood,dom neutr,S
toiduõli,dom neutr,S
toime,dom neutr,S
toimetaja,dom neutr,S
toimetama,dom neutr,V
toimetus,dom neutr,S
toimik,dom neutr,S
toimima,dom neutr,V
toiming,dom neutr,S
toimuma,dom neutr,V
toimunu,dom neutr,S
toit,dom neutr,S
toitma,dom neutr,V
toituma,dom neutr,V
toll,dom neutr,S/S
tollane,dom neutr,A
tolliametnik,dom neutr,S
tolmune,dom neg,A
tomat,dom neutr,S
tonn,dom neutr,S
toodang,dom neutr,S
toode,dom neutr,S
tool,dom neutr,S
tooma,dom neutr,V
toon,dom neutr,S
tootja,dom neutr,S
tootma,dom neutr,V
tore,dom pos,A
torm,dom neg,A/S
tormine,dom neg,A
toru,dom neutr,S
traditsioon,vastuolu,S
traditsiooniline,vastuolu,A
trahv,dom neg,S
tramm,dom neutr,S
transport,dom neutr,S
treener,dom neutr,S
treening,vastuolu,S
trepikoda,dom neutr,S
trepp,dom neutr,S
triibuline,dom neutr,A
trikk,vastuolu,S
troll,dom neutr,S
trügima,dom neg,V
trükkima,dom neutr,V
tsehh,dom neutr,S
tsirkus,vastuolu,S
tsoon,dom neutr,S
tšekk,dom neutr,S
tualett,dom neutr,S
tuba,dom neutr,S
tubli,dom pos,A
tudeng,dom neutr,S
tugev ,dom pos,A
tugevdama,dom pos,V
tugevnema,dom pos,V
tugi,dom pos,S
tuginema,dom neutr,V
tuhat,dom neutr,N
tuhk,dom neutr,S
tuju,dom neutr,S
tulek,dom neutr,S
tulekahju,dom neg,S
tulema,dom neutr,V
tulemus,dom neutr,S
tulenema,dom neutr,V
tuletama,dom neutr,V
tuletõrje,vastuolu,S
tuletõrjuja,vastuolu,S
tulevane,vastuolu,A/S
tulevik,dom neutr,S
tuli,vastuolu,S
tuline,vastuolu,A
tulistama,dom neg,V
tulp,dom neutr,S
tulu,vastuolu,S
tume,vastuolu,A
tund,dom neutr,S
tundma,dom neutr,V
tundmatu,vastuolu,A/S
tunduma,dom neutr,V
tungima,dom neg,V
tunne,dom neutr,S
tunnel,dom neutr,S
tunnetama,dom neutr,S
tunnistaja,dom neutr,S
tunnistama,dom neutr,V
tunnistus,vastuolu,S
tunnus,dom neutr,V
tunnustama,dom pos,V
tuntu,dom pos,S
turg,dom neutr,S
turist,vastuolu,S
turniir,dom neutr,S
turuhind,dom neutr,S
turvaline,dom pos,A
turvalisus,vastuolu,S
turvamees,vastuolu,S
tuttav,vastuolu,A/S
tutvuma,vastuolu,V
tutvustama,vastuolu,V
tuul,dom neutr,S
tuuline,vastuolu,A
tuvastama,dom neutr,V
tuvi,dom neutr,S
tõde,dom pos,S
tõdema,dom neutr,V
tõeline,vastuolu,A
tõend,dom neutr,S
tõenäoline,dom neutr,A
tõenäosus,dom neutr,S
tõestama,dom neutr,V
tõlge,dom neutr,S
tõlkima,dom neutr,V
tõmbama,dom neutr,V
tõotama,dom neutr,V
tõrjuma,vastuolu,V
tõsi,vastuolu,S
tõsiasi,dom neutr,A
tõsine  ,vastuolu,A
tõstma,dom neutr,V
tõus,vastuolu,S
tõusma,dom neutr,V
tädi,vastuolu,S
täheldama,dom neutr,S
tähelepanelik,dom pos,A
tähelepanu,dom neutr,S
tähendama,dom neutr,V
tähendus,dom neutr,S
tähistama,dom pos,V
täht,dom neutr,S
tähtaeg,dom neutr,S
tähtajaline,dom neutr,A
tähtis ,dom pos,A
tähtpäev,vastuolu,S
tähtsus,vastuolu,S
tähtsusetu,dom neg,A
täielik,vastuolu,A
täiendama,dom neutr,V
täiendus,dom neutr,S
täis,vastuolu,D/A
täiskasvanu,dom neutr,S
täitma,dom neutr,V
tänama,dom pos,V
tänane ,dom neutr,A
tänapäev,dom neutr,S
tänav,dom neutr,S/A
tänavune,dom neutr,A
tänu,vastuolu,D/S
tänulik,dom pos,A
täpiline,dom neutr,A
täpne ,dom pos,A
täpsustama,dom neutr,V
töö,dom neutr,S
tööaeg,dom neutr,S
tööandja,dom neutr,S
tööjõud,dom neutr,S
töökaaslane,dom neutr,S
töökas,dom pos,A
töökoht,dom neutr,S
töökorras,dom pos,A
tööleping,dom neutr,S
tööline,dom neutr,S
töömees,dom neutr,S
tööpäev,dom neutr,S
tööriist,dom neutr,S
tööstus,dom neutr,S
töötaja,dom neutr,S
töötama,dom neutr,V
töötasu,dom neutr,S
töötlema,dom neutr,V
töötu,dom neg,A/S
töötuba,dom neutr,S
töötus,dom neg,S
tööülesanne,dom neutr,S
tüdruk,dom neutr,S
tühi,dom neg,A
tühistama,dom neg,V
tükk,dom neutr,S
tüli,dom neg,S
tülitama,dom neg,V
tülitsema,dom neg,V
tütar,vastuolu,S
tüüp,vastuolu,S
uhke,vastuolu,A
uisk,dom neutr,S
uisutama,dom neutr,V
ujula,dom neutr,S
ujuma,dom neutr,V
uks,dom neutr,S
ulatama,dom neutr,V
ulatuma,dom neutr,V
ulatus,dom neutr,S
ummik,dom neg,S
unenägu,vastuolu,S
uni,vastuolu,S
unine,dom neg,A
unistama,dom pos,V
unistus,dom pos,S
unustama,dom neg,V
usaldama,dom pos,V
usaldus,vastuolu,S
usk,vastuolu,S
usklik,dom vastuolu,A
uskuma,vastuolu,V
uss,vastuolu,S
uudis,dom neutr,S
uudishimulik,dom vastuolu,A
uuendus,dom pos,S
uurija,dom neutr,S
uurima,dom neutr,V
uurimus,dom neutr,S
uuring,dom neutr,S
uus,vastuolu,A
uusaasta,dom neutr,S
vaade,dom neutr,S
vaarikas,dom neutr,S
vaataja,dom neutr,S
vaatama,dom neutr,V
vaatamisväärsus,vastuolu,S
vaatleja,dom neutr,S
vaatlema,dom neutr,V
vaba,dom pos,A
vabaabielu,dom neutr,S
vabadus,dom pos,S
vabadusekaotus,dom neg,S
vabandama,vastuolu,V
vabandus ,vastuolu,S
vabanema,dom pos,V
vabariik,dom neutr,S
vabastama,dom pos,V
vabatahtlik,dom pos,A/S
vabrik,dom neutr,S
vaene ,dom neg,A/S
vaenlane,dom neg,S
vaesus,dom neg,S
vaev,dom neg,S
vagun,dom neutr,S
vahe,dom neutr,A/S
vaheaeg,vastuolu,S
vahekord,dom neutr,S
vaheline,dom neutr,A
vahemaa,dom neutr,S
vahend,dom neutr,S
vahendus,dom neutr,S
vahetama,dom neutr,V
vahetuma,dom neutr,V
vahetus,dom neutr,S
vaht,dom neutr,S/S
vaidlema,dom neg,V
vaidlus,dom neg,S
vaikima,dom vastuolu,V
vaikne,dom pos,A
vaikus,dom pos,S
vaim,vastuolu,S
vaimne,dom neutr,A
vajadus,dom neutr,S
vajalik,dom pos,A
vajalikkus,vastuolu,S
vajama,dom neutr,V
vajuma,vastuolu,V
vajutama,dom neutr,V
valama,dom neutr,V
vald,dom neutr,S
valdama,dom neutr,V
valdkond,dom neutr,S
valdus,dom neutr,S
vale,dom neg,A/S
valetama,dom neg,V
valge,vastuolu,A/S
valgus,vastuolu,S
valgusfoor,dom neutr,S
valija,dom neutr,S
valik,dom neutr,S
valima,dom neutr,V
valimiskampaania,vastuolu,S
valitsema,dom neutr,V
valitsus,dom neutr,S
vallaline,dom neutr,A/S
vallandama,dom neg,V
vallavanem,dom neutr,S
vallutama,vastuolu,V
valmima,dom neutr,V
valmis,vastuolu,D/A
valmistama,dom neutr,V
valmistuma,dom neutr,V
valu,dom neg,S
valus,dom neg,A
valutama,dom neg,V
valuuta,dom neutr,S
valvama,dom neutr,V
valve,dom neutr,S
valvur,dom neutr,S
vana ,vastuolu,A/S
vana-aasta,vastuolu,S
vanaema,dom pos,S
vanaisa,dom pos,S
vanalinn,vastuolu,S
vanem,vastuolu,A/S
vang,dom neg,S
vangla,dom neg,S
vanglakaristus,dom neg,S
vann,dom neutr,S
vannituba,dom neutr,S
vanur,dom neutr,S
vanus,dom neutr,S
vara,dom neutr,D/S
varahommik,dom neutr,S
varajane,vastuolu,A
varane ,dom neutr,A
varas,dom neg,S
varastama,dom neg,V
varblane,dom neutr,S
varem,dom neutr,A/D
vares,dom neutr,S
vargus,dom neg,S
vari,vastuolu,S
variant,dom neutr,S
varjama,vastuolu,V
varu,vastuolu,S
varuosa,dom neutr,S
varustama,dom neutr,V
varustus,dom neutr,S
varvas,dom neutr,S
vasak,dom neutr,A
vasakpoolne,vastuolu,A
vastama,dom neutr,V
vastane,dom neg,A/S
vastasseis,dom neg,S
vastav,dom neutr,A
vastne,vastuolu,A/S
vastuolu,dom neg,S
vastupidav,dom pos,A
vastupidine,vastuolu,A
vastus,dom neutr,S
vastutama,dom neutr,V
vastutav,vastuolu,A
vastutus,dom neutr,S
vastuvõtt,dom pos,S
WC,dom neutr,S
vedama,dom vastuolu,V
veebruar,dom neutr,S
veekogu,dom neutr,S
veenduma,dom neutr,V
veendumus,dom neutr,S
veenma,dom neutr,V
veerand,dom neutr,N/S
veetma,dom neutr,S
vein,dom neutr,S
veiseliha,dom neutr,S
vend,vastuolu,S
venima,dom neutr,V
veoauto,dom neutr,S
veok,dom neutr,S
veri,vastuolu,S
versioon,dom neutr,S
vesi,vastuolu,S
vestlema,dom neutr,V
vestlus,dom neutr,S
video,dom neutr,S
viga,dom neg,S
vigastama,dom neg,V
vigastus,dom neg,S
viha,dom neg,S
vihane,dom neg,A
vihastama,dom neg,V
vihje,dom neutr,S
vihkama,dom neg,V
vihm,vastuolu,S
vihmane,dom neg,A
vihmavari,dom neutr,S
viibima,dom neutr,V
viies,dom neutr,N
viima,dom neutr,V
viimane,vastuolu,A
viin,vastuolu,S
viirus,dom neg,S
viis,dom neutr,N/S
viisa,dom neutr,S
viisakas,dom pos,A
viitama,dom neutr,V
viitsima,dom neutr,V
viiul,dom neutr,S
viivis,dom neg,S
vikerkaar,vastuolu,S
vili,vastuolu,S
visiit,dom neutr,S
viskama,dom neutr,V
vitamiin,dom pos,S
volikogu,dom neutr,S
volinik,dom neutr,S
volitus,dom neutr,S
voodi,dom neutr,S
voodipesu,dom neutr,S
vool,dom neutr,S
voor,dom neutr,S/S/S
vorm,dom neutr,S
vormistama,dom neutr,V
vorst,dom neutr,S
või,dom neutr,D/S
võidupüha,dom pos,S
võileib,dom neutr,S
võilill,dom neutr,S
võim,vastuolu,S
võima,vastuolu,V
võimaldama,vastuolu,V
võimalik,vastuolu,A
võimalus,dom pos,S
võimas,dom pos,A
võimatu,dom neg,A
võime,dom pos,S
võimeline,dom pos,A
võistkond,dom neutr,S
võistleja,dom neutr,S
võistlema,dom neutr,V
võistlus,vastuolu,S
võit,dom pos,S
võitja,dom pos,S
võitlema,dom neg,V
võitlus,dom neg,S
võitma,dom pos,V
võlakiri,vastuolu,S
võlg,dom neg,S
võrdlema,dom neutr,V
võrdlus,dom neutr,S
võrdne,vastuolu,A
võrk,dom neutr,S
võrkpall,dom neutr,S
võti,dom neutr,S
võtma,dom neutr,V
võõras,dom neutr,A/S
võõrkeel,dom neutr,S
võõrkeelne,dom neutr,A
väeosa,dom neutr,S
vägi,vastuolu,S
vägivald,dom neg,S
vähem,dom neg,A/D
vähemus,dom neg,S
vähendama,vastuolu,V
vähene,dom neg,A
vähenema,vastuolu,V
vähenõudlik,vastuolu,A
väide,dom neutr,S
väike ,vastuolu,A/A
väikelinn,dom neutr,S
väitma,dom neutr,V
väli,dom neutr,S
välimus,dom neutr,S
väliseestlane,vastuolu,S
välismaa,vastuolu,S
välismaalane,vastuolu,S
välismaine,dom neutr,A
välisriik,dom neutr,S
välistama,dom neutr,V
välisuks,dom neutr,S
väljaanne,dom neutr,S
väljak,dom neutr,S
väljakutse,vastuolu,S
väljaminek,dom neg,S
väljapanek,dom neutr,S
väljapääs,dom neutr,S
väljastama,dom neutr,V
väljavõte,dom neutr,S
väljaõpe,vastuolu,S
väljendama,dom neutr,V
väljuma,dom neutr,V
välk,vastuolu,S
vältima,vastuolu,V
värav,dom neutr,S
värske,dom pos,A/S
värv,dom neutr,S
värviline,vastuolu,A
värvima,dom neutr,V
värvus,dom neutr,S
väsima,dom neg,V
väsimus,dom neg,S
väsitama,dom neg,V
väärima,dom pos,V
väärtus,dom pos,S
väärtuslik,dom pos,A
õde,vastuolu,S
õhk,dom neutr,S
õhtu,dom neutr,S
õhtusöök,dom neutr,S
õhuke,vastuolu,A
õhutemperatuur,dom neutr,S
õige,dom pos,A/D
õigem,vastuolu,A
õigus,dom pos,S
õigustama,vastuolu,V
õitsema,dom pos,V
õlg,dom neutr,S/S
õli,dom neutr,S
õlu,dom neutr,S
õnn,dom pos,S
õnnelik,dom pos,A
õnnestuma,dom pos,V
õnnetu,dom neg,A
õnnetus,dom neg,S
õnnitlema,dom pos,V
õnnitlus,dom pos,S
õpetaja,vastuolu,S
õpetama,dom neutr,V
õpetus,dom neutr,S
õpik,dom neutr,S
õpilane,dom neutr,S
õpingud,dom neutr,S
õppeaasta,dom neutr,S
õppejõud,dom neutr,S
õppelaen,vastuolu,S
õppemaks,vastuolu,S
õppetöö,dom neutr,S
õppima,dom neutr,V
õppus,dom neutr,S
õrn,vastuolu,A
õu,dom neutr,S
õudne,dom neg,A
õun,dom neutr,S
õunapuu,dom neutr,S
ähvardama,dom neg,V
ähvardus,dom neg,S
äi,dom neutr,S
äike,dom neg,S
ämm,dom neg,S
ära,dom neg,D/V
äratama,dom neutr,V
äri,dom neutr,S
ärimees,vastuolu,S
ärkama,dom neutr,V
äädikas,dom neutr,S
äär,dom neutr,S
äärelinn,dom neutr,A
öeldu,dom neutr,S
öine,dom neutr,A
öö,dom neutr,S
ööbima,dom neutr,V
ööpäev,dom neutr,S
öösärk,dom neutr,S
üheksa,dom neutr,N
ühendama,dom neutr,V
ühendus,dom neutr,S
ühesugune,dom neutr,A
ühesuunaline,dom neutr,A
ühetoaline,dom neutr,A
ühine,vastuolu,A
ühinema,vastuolu,V
ühing,dom neutr,S
ühiselamu,dom neutr,S
ühiskond,dom neutr,S
ühiskondlik,dom neutr,A
ühistransport,vastuolu,S
ühistu,dom neutr,S
ühtne,dom pos,A
üks,dom neutr,N/P
üksik,dom neg,A
ükskõikne,dom neg,A
üksteist,dom neutr,N
üksus,dom neutr,S
üldine,dom neutr,A
üldsus,dom neutr,S
ülejäänu,dom neutr,S
ülekanne,dom neutr,S
ülekäigurada,dom neutr,S
ülem,dom neutr,A/S
ülemaailmne,dom neutr,A
ülemine,dom neutr,A
üleminek,dom neutr,S
ülemus,vastuolu,S
ülesanne,dom neutr,S
ületama,dom neutr,V
üleujutus,dom neg,S
ülevaade,dom neutr,S
ülevaatus,dom neutr,S
ülikond,dom neutr,S
ülikool,vastuolu,S
üliõpilane,dom neutr,S
üllatama,vastuolu,V
üllatuma,dom pos,V
üllatus,dom pos,S
ümar,dom neutr,A
ümbermõõt,dom neutr,S
ümbrik,dom neutr,S
ümbrus,dom neutr,S
ümmargune,dom neutr,A
üritama,dom neutr,V
üritus,dom neutr,S
ütlema,dom neutr,V
üür,dom neutr,S
üürima,dom neutr,V
üürnik,dom neutr,S
